地名,緯度,経度
兵庫県加古川市,34.756924,134.841293
兵庫県高砂市,34.766361,134.790573
兵庫県姫路市,34.815277,134.685562
兵庫県明石市,34.643131,134.997604
兵庫県神戸市西区,34.720913,135.019333
兵庫県加西市,34.927864,134.841797
兵庫県たつの市,34.857857,134.545334
兵庫県神戸市垂水区,34.630554,135.056946
兵庫県加古郡稲美町,34.74839,134.912949
兵庫県加古郡播磨町,34.715279,134.868057
兵庫県揖保郡太子町,34.833244,134.572311
兵庫県三木市,34.796852,134.990219
兵庫県小野市,34.85788,134.93988
兵庫県神戸市須磨区,34.658642,135.133667
兵庫県赤穂市,34.755001,134.390274
兵庫県西宮市,34.73774,135.341843
兵庫県神戸市北区,34.724174,135.14621
兵庫県尼崎市,34.733334,135.406387
兵庫県神戸市兵庫区,34.680237,135.165817
兵庫県神戸市東灘区,34.720211,135.265671
兵庫県神戸市中央区,34.689701,135.194855
兵庫県宍粟市,35.004444,134.549438
兵庫県神崎郡福崎町,34.95031,134.760239
兵庫県相生市,34.803612,134.468063
兵庫県加東市,34.918652,134.973389
岡山県倉敷市,34.584999,133.771942
岡山県岡山市北区,34.655186,133.919754
兵庫県神戸市長田区,34.665688,135.15094
兵庫県神戸市灘区,34.712418,135.239456
兵庫県西脇市,34.983398,134.979767
岡山県岡山市南区,34.599743,133.919571
岡山県岡山市東区,34.651375,134.029465
岡山県岡山市中区,34.670502,133.943024
兵庫県赤穂郡上郡町,34.873611,134.35611
兵庫県豊岡市,35.544601,134.82016
兵庫県朝来市,35.339867,134.852722
兵庫県神崎郡市川町,34.989262,134.763229
兵庫県神崎郡神河町,35.064217,134.739838
兵庫県宝塚市,34.799999,135.360275
兵庫県淡路市,34.439732,134.914963
大阪府東大阪市,34.679443,135.60083
鳥取県鳥取市,35.494453,134.222153
広島県福山市,34.485832,133.362503
兵庫県洲本市,34.34285,134.895447
岡山県備前市,34.745182,134.188797
兵庫県伊丹市,34.784462,135.400375
兵庫県佐用郡佐用町,35.004276,134.355896
兵庫県三田市,34.890015,135.22551
大阪府吹田市,34.75946,135.516876
兵庫県芦屋市,34.726952,135.304123
兵庫県多可郡多可町,35.050217,134.923355
岡山県津山市,35.069126,134.004532
兵庫県川西市,34.830002,135.417221
大阪府豊中市,34.781288,135.469757
兵庫県丹波市,35.177101,135.035843
兵庫県南あわじ市,34.294399,134.779938
大阪府枚方市,34.814445,135.650833
大阪府大阪市住之江区,34.609604,135.482773
岡山県赤磐市,34.755386,134.018799
大阪府大阪市淀川区,34.721111,135.486664
大阪府高槻市,34.84602,135.617325
大阪府大阪市東淀川区,34.741238,135.529434
大阪府八尾市,34.626945,135.60083
大阪府茨木市,34.816387,135.568604
岡山県総社市,34.67255,133.746735
岡山県玉野市,34.491943,133.945831
大阪府大阪市西淀川区,34.711388,135.456116
大阪府岸和田市,34.46059,135.37088
和歌山県和歌山市,34.230556,135.170837
岡山県瀬戸内市,34.665001,134.092773
大阪府門真市,34.739548,135.586884
大阪府大阪市城東区,34.703156,135.545044
大阪府大阪市此花区,34.683056,135.452225
大阪府和泉市,34.483154,135.423248
島根県松江市,35.467815,133.048523
兵庫県丹波篠山市,35.075623,135.219437
大阪府大阪市北区,34.705555,135.509995
京都府京都市伏見区,34.936111,135.761383
大阪府堺市堺区,34.573334,135.483063
大阪府寝屋川市,34.766109,135.628052
京都府福知山市,35.296665,135.126389
広島県三原市,34.397724,133.07811
大阪府大阪市港区,34.663891,135.460831
岡山県美作市,35.026367,134.15976
兵庫県養父市,35.404617,134.767639
鳥取県米子市,35.428158,133.330948
大阪府大阪市住吉区,34.603611,135.500549
大阪府大阪市平野区,34.621113,135.546112
兵庫県美方郡香美町,35.632221,134.629166
香川県高松市,34.342758,134.046524
大阪府大東市,34.711945,135.623337
大阪府堺市中区,34.528366,135.498657
岡山県笠岡市,34.507141,133.50737
大阪府藤井寺市,34.574333,135.597504
島根県出雲市,35.367027,132.754669
大阪府大阪市生野区,34.65361,135.534439
大阪府箕面市,34.826942,135.470551
大阪府池田市,34.821667,135.428604
大阪府大阪市浪速区,34.659443,135.499725
大阪府泉佐野市,34.406837,135.327362
東京都新宿区,35.69389,139.703613
京都府京都市南区,34.97665,135.746429
大阪府大阪市中央区,34.68111,135.50972
広島県広島市西区,34.39389,132.434448
大阪府守口市,34.735828,135.561676
大阪府大阪市西成区,34.634998,135.494446
奈良県奈良市,34.685001,135.804718
広島県尾道市,34.409161,133.205627
岡山県真庭市,35.075607,133.752716
鳥取県八頭郡八頭町,35.409229,134.250534
大阪府摂津市,34.777222,135.562225
大阪府堺市北区,34.565556,135.517227
広島県広島市東区,34.395329,132.482483
大阪府堺市西区,34.535,135.463882
滋賀県大津市,35.017776,135.854721
大阪府泉大津市,34.504444,135.410278
大阪府松原市,34.578056,135.55191
広島県広島市南区,34.379898,132.469009
愛媛県松山市,33.839165,132.76564
大阪府大阪市鶴見区,34.704445,135.574173
高知県高知市,33.558723,133.531097
大阪府大阪市西区,34.676388,135.486115
岡山県和気郡和気町,34.802776,134.157501
大阪府大阪市東住吉区,34.622059,135.526688
滋賀県草津市,35.01318,135.959991
広島県呉市,34.248688,132.56543
広島県東広島市,34.426373,132.743301
大阪府堺市南区,34.486408,135.490433
奈良県橿原市,34.509476,135.792633
京都府京都市右京区,35.010105,135.716248
大阪府羽曳野市,34.558025,135.606277
奈良県宇陀市,34.528011,135.952347
大阪府大阪市東成区,34.669998,135.541107
徳島県徳島市,34.070091,134.554703
福井県大飯郡おおい町,35.48111,135.617783
和歌山県岩出市,34.256207,135.311386
岡山県井原市,34.597778,133.463882
長崎県佐世保市,33.17992,129.715088
岡山県浅口市,34.527779,133.585007
兵庫県美方郡新温泉町,35.623432,134.449051
広島県広島市中区,34.386288,132.455017
三重県津市,34.718613,136.505676
大阪府堺市美原区,34.538544,135.55986
岡山県高梁市,34.790981,133.616821
京都府京都市西京区,34.985092,135.693329
京都府京都市山科区,34.972359,135.813705
鳥取県倉吉市,35.430111,133.825607
愛媛県四国中央市,33.980591,133.549988
京都府宇治市,34.884445,135.799728
京都府京田辺市,34.814434,135.767715
兵庫県川辺郡猪名川町,34.895,135.376114
大阪府大阪市阿倍野区,34.638733,135.518494
奈良県天理市,34.596668,135.837219
大阪府柏原市,34.578285,135.629242
秋田県男鹿市,39.886765,139.847549
広島県広島市佐伯区,34.364445,132.36084
大阪府富田林市,34.49947,135.597229
愛知県一宮市,35.303837,136.802979
長崎県諫早市,32.84343,130.053162
千葉県船橋市,35.694721,139.982498
岡山県都窪郡早島町,34.600796,133.828339
奈良県香芝市,34.541275,135.699005
大阪府大阪市福島区,34.692223,135.472229
滋賀県栗東市,35.021667,135.998062
鳥取県岩美郡岩美町,35.575954,134.332138
京都府亀岡市,35.013401,135.573593
大阪府大阪市旭区,34.72118,135.54425
大阪府交野市,34.787968,135.680008
大阪府四條畷市,34.740002,135.63945
大阪府高石市,34.520557,135.442215
滋賀県湖南市,35.003849,136.084641
静岡県藤枝市,34.8675,138.257782
大阪府三島郡島本町,34.883888,135.662781
愛媛県今治市,34.066212,132.997757
山口県周南市,34.055725,131.806595
鳥取県八頭郡智頭町,35.264999,134.226669
大阪府大阪市天王寺区,34.657837,135.519348
大阪府大阪市大正区,34.650276,135.472778
大阪府大阪市都島区,34.701389,135.528061
三重県亀山市,34.855831,136.45166
佐賀県佐賀市,33.263512,130.300888
岡山県加賀郡吉備中央町,34.863522,133.69339
広島県広島市安佐北区,34.518333,132.507782
広島県安芸高田市,34.666389,132.703888
和歌山県紀の川市,34.269814,135.362717
岡山県新見市,34.977039,133.470352
大阪府貝塚市,34.437408,135.358124
三重県四日市市,34.965118,136.624451
愛知県半田市,34.891808,136.938004
大阪府河内長野市,34.457893,135.56424
岡山県久米郡美咲町,34.99696,133.954575
大阪府泉南市,34.365833,135.273605
東京都荒川区,35.736111,139.78334
群馬県伊勢崎市,36.311386,139.196671
香川県三豊市,34.182674,133.715118
福岡県福岡市東区,33.617779,130.417496
広島県広島市安佐南区,34.451942,132.471664
大阪府大阪狭山市,34.503662,135.555695
熊本県熊本市東区,32.780514,130.768082
和歌山県西牟婁郡白浜町,33.678158,135.348129
広島県廿日市市,34.348637,132.331451
京都府木津川市,34.737225,135.820023
奈良県生駒市,34.691944,135.700562
大阪府堺市東区,34.538174,135.536514
香川県小豆郡小豆島町,34.479713,134.308884
奈良県桜井市,34.518841,135.842743
大阪府泉南郡熊取町,34.401459,135.355988
三重県伊賀市,34.749832,136.142258
石川県金沢市,36.56105,136.656494
奈良県大和高田市,34.515751,135.737381
京都府八幡市,34.875439,135.707123
滋賀県東近江市,35.11264,136.207596
和歌山県橋本市,34.31472,135.60527
京都府舞鶴市,35.474724,135.386108
奈良県大和郡山市,34.649616,135.782715
東京都世田谷区,35.64595,139.653183
山口県宇部市,33.951824,131.247314
三重県鈴鹿市,34.881855,136.584213
京都府向日市,34.94838,135.698364
京都府城陽市,34.853058,135.779999
鹿児島県鹿児島市,31.596861,130.557022
山口県山口市,34.177845,131.473022
鹿児島県曽於郡大崎町,31.429167,131.005829
福島県いわき市,37.050453,140.887726
福岡県北九州市八幡西区,33.866409,130.764297
京都府南丹市,35.107288,135.470703
香川県丸亀市,34.289886,133.798706
