出発地,道路距離(km),所要時間(分)
兵庫県姫路市,18.01,25
兵庫県明石市,21.74,28
兵庫県神戸市西区,22.08,29
兵庫県加西市,22.45,28
兵庫県たつの市,41.14,37
兵庫県神戸市垂水区,27.97,36
兵庫県加古郡播磨町,7.0,11
兵庫県加古郡稲美町,8.58,12
兵庫県揖保郡太子町,29.6,39
兵庫県神戸市須磨区,33.7,42
兵庫県小野市,18.9,22
兵庫県三木市,16.76,21
兵庫県西宮市,56.17,68
兵庫県神戸市北区,36.51,47
兵庫県赤穂市,61.13,66
兵庫県神戸市中央区,41.13,52
兵庫県神戸市兵庫区,38.25,49
兵庫県相生市,51.28,51
兵庫県尼崎市,64.06,76
兵庫県神戸市東灘区,48.84,60
兵庫県神戸市灘区,46.45,58
兵庫県神戸市長田区,35.29,45
岡山県倉敷市,130.21,122
兵庫県加東市,25.92,31
兵庫県神崎郡福崎町,29.38,36
兵庫県神崎郡市川町,34.6,43
兵庫県宍粟市,49.3,58
岡山県岡山市北区,116.79,113
岡山県岡山市南区,123.49,122
兵庫県西脇市,33.03,39
岡山県岡山市中区,116.91,113
広島県福山市,169.58,144
兵庫県宝塚市,62.34,64
大阪府東大阪市,93.11,83
兵庫県伊丹市,66.78,69
岡山県岡山市東区,102.37,118
兵庫県赤穂郡上郡町,60.31,64
兵庫県芦屋市,52.64,64
兵庫県佐用郡佐用町,74.35,79
兵庫県三田市,51.67,51
大阪府枚方市,96.39,83
兵庫県神崎郡神河町,43.97,52
大阪府吹田市,86.64,78
大阪府豊中市,81.03,71
兵庫県朝来市,77.54,95
兵庫県多可郡多可町,39.6,42
大阪府八尾市,100.9,90
兵庫県淡路市,59.21,70
大阪府茨木市,81.55,72
大阪府大阪市淀川区,88.59,78
鳥取県鳥取市,142.94,136
大阪府高槻市,85.08,73
大阪府大阪市此花区,70.19,82
岡山県津山市,105.2,114
岡山県備前市,81.86,89
大阪府和泉市,93.19,101
兵庫県豊岡市,108.7,122
大阪府大阪市東淀川区,89.2,81
和歌山県和歌山市,136.21,134
大阪府岸和田市,96.16,104
大阪府大阪市西淀川区,67.59,80
大阪府泉佐野市,105.61,110
兵庫県丹波市,61.5,69
兵庫県川西市,67.9,71
大阪府大阪市住之江区,78.28,89
大阪府大阪市西成区,77.8,90
兵庫県洲本市,71.03,82
大阪府堺市西区,86.62,96
岡山県真庭市,137.05,145
岡山県瀬戸内市,96.48,111
大阪府大阪市北区,89.28,84
大阪府門真市,86.37,78
大阪府堺市堺区,82.13,91
島根県出雲市,314.93,244
香川県高松市,172.26,165
大阪府大東市,92.9,85
広島県三原市,199.33,168
岡山県美作市,89.46,97
大阪府寝屋川市,90.01,83
広島県東広島市,232.61,202
兵庫県南あわじ市,83.9,92
岡山県総社市,131.82,122
広島県広島市東区,260.25,228
岡山県赤磐市,102.08,118
奈良県奈良市,115.3,102
広島県廿日市市,286.08,240
岡山県玉野市,138.98,141
大阪府大阪市大正区,74.0,87
大阪府松原市,106.44,95
大阪府摂津市,85.62,78
大阪府箕面市,76.23,65
大阪府大阪市阿倍野区,99.87,90
大阪府泉大津市,89.47,98
大阪府大阪市城東区,91.17,84
大阪府堺市中区,88.5,100
大阪府貝塚市,100.81,106
三重県津市,204.99,163
大阪府大阪市平野区,103.55,93
鳥取県米子市,198.53,195
大阪府大阪市港区,71.48,83
滋賀県大津市,120.17,106
岡山県井原市,178.53,156
大阪府泉南市,112.12,114
大阪府大阪市旭区,89.24,81
大阪府大阪市住吉区,80.53,92
大阪府堺市南区,93.81,104
広島県広島市西区,267.43,231
兵庫県養父市,88.22,104
大阪府池田市,81.53,69
大阪府守口市,87.28,78
大阪府藤井寺市,107.83,95
京都府木津川市,125.26,106
大阪府堺市美原区,110.18,98
大阪府堺市北区,85.37,96
大阪府大阪市中央区,94.6,87
広島県広島市安佐北区,289.54,231
京都府京都市南区,106.57,91
大阪府高石市,88.63,96
奈良県宇陀市,145.59,122
奈良県生駒市,105.78,96
大阪府堺市東区,111.52,99
京都府京都市伏見区,105.0,91
大阪府大阪市生野区,100.16,91
広島県尾道市,190.2,162
大阪府大阪市浪速区,96.51,88
兵庫県丹波篠山市,57.68,68
岡山県笠岡市,156.53,149
大阪府河内長野市,120.44,111
愛媛県松山市,301.85,252
京都府京都市山科区,115.69,98
鳥取県倉吉市,168.27,163
徳島県徳島市,122.18,113
大阪府羽曳野市,109.2,97
岡山県浅口市,146.89,140
大阪府大阪市福島区,69.38,83
大阪府富田林市,117.36,105
高知県高知市,279.58,253
和歌山県紀の川市,129.23,135
大阪府大阪市鶴見区,90.68,82
大阪府大阪市都島区,92.8,86
大阪府大阪市東住吉区,102.67,91
京都府京都市西京区,107.66,94
広島県呉市,261.23,228
大阪府柏原市,110.98,100
奈良県橿原市,129.22,110
東京都新宿区,556.55,381
広島県広島市安佐南区,259.49,223
香川県小豆郡小豆島町,76.85,167
奈良県桜井市,135.35,113
大阪府泉南郡熊取町,106.16,111
岡山県和気郡和気町,83.41,96
三重県伊賀市,162.04,138
大阪府大阪市西区,71.95,85
石川県金沢市,363.39,277
島根県松江市,229.58,221
岡山県都窪郡早島町,127.45,119
奈良県大和高田市,123.9,105
京都府八幡市,101.03,85
京都府京都市右京区,110.37,98
奈良県天理市,126.4,112
京都府福知山市,83.83,98
滋賀県東近江市,159.32,133
和歌山県橋本市,152.2,139
長崎県佐世保市,639.16,493
京都府舞鶴市,115.63,127
岡山県新見市,169.93,177
滋賀県草津市,128.56,111
奈良県大和郡山市,114.38,102
東京都世田谷区,548.77,374
群馬県伊勢崎市,639.55,448
京都府宇治市,108.9,92
兵庫県川辺郡猪名川町,70.0,76
大阪府大阪狭山市,113.86,104
三重県四日市市,203.26,160
山口県宇部市,415.88,324
三重県鈴鹿市,197.78,159
京都府向日市,102.39,89
奈良県香芝市,117.65,101
香川県三豊市,183.36,164
愛媛県四国中央市,214.31,204
京都府京田辺市,111.08,97
山口県周南市,356.2,310
鳥取県八頭郡智頭町,102.84,119
滋賀県栗東市,133.65,112
岡山県久米郡美咲町,116.1,127
大阪府大阪市東成区,96.36,88
京都府城陽市,107.37,93
鹿児島県鹿児島市,794.85,630
大阪府交野市,101.25,91
山口県山口市,405.44,311
鹿児島県曽於郡大崎町,820.71,648
福島県いわき市,761.87,542
福岡県北九州市八幡西区,487.41,376
京都府南丹市,85.91,99
大阪府三島郡島本町,93.94,76
大阪府四條畷市,92.17,85
香川県丸亀市,167.43,155
愛知県半田市,248.58,193
