period,dayflag,area_id,area_name,hour,population,rate
202401,‹x“ú,bd1c4506-1261-4f4a-b646-dc077d56960b,Žu•û,00,48883,0.038
202401,‹x“ú,bd1c4506-1261-4f4a-b646-dc077d56960b,Žu•û,01,48727,0.038
202401,‹x“ú,bd1c4506-1261-4f4a-b646-dc077d56960b,Žu•û,02,48609,0.037
202401,‹x“ú,bd1c4506-1261-4f4a-b646-dc077d56960b,Žu•û,03,48495,0.037
202401,‹x“ú,bd1c4506-1261-4f4a-b646-dc077d56960b,Žu•û,04,48710,0.038
202401,‹x“ú,bd1c4506-1261-4f4a-b646-dc077d56960b,Žu•û,05,49389,0.038
202401,‹x“ú,bd1c4506-1261-4f4a-b646-dc077d56960b,Žu•û,06,51140,0.039
202401,‹x“ú,bd1c4506-1261-4f4a-b646-dc077d56960b,Žu•û,07,53971,0.042
202401,‹x“ú,bd1c4506-1261-4f4a-b646-dc077d56960b,Žu•û,08,56070,0.043
202401,‹x“ú,bd1c4506-1261-4f4a-b646-dc077d56960b,Žu•û,09,57026,0.044
202401,‹x“ú,bd1c4506-1261-4f4a-b646-dc077d56960b,Žu•û,10,57781,0.044
202401,‹x“ú,bd1c4506-1261-4f4a-b646-dc077d56960b,Žu•û,11,57384,0.044
202401,‹x“ú,bd1c4506-1261-4f4a-b646-dc077d56960b,Žu•û,12,56888,0.044
202401,‹x“ú,bd1c4506-1261-4f4a-b646-dc077d56960b,Žu•û,13,57453,0.044
202401,‹x“ú,bd1c4506-1261-4f4a-b646-dc077d56960b,Žu•û,14,57095,0.044
202401,‹x“ú,bd1c4506-1261-4f4a-b646-dc077d56960b,Žu•û,15,57850,0.045
202401,‹x“ú,bd1c4506-1261-4f4a-b646-dc077d56960b,Žu•û,16,59168,0.046
202401,‹x“ú,bd1c4506-1261-4f4a-b646-dc077d56960b,Žu•û,17,59895,0.046
202401,‹x“ú,bd1c4506-1261-4f4a-b646-dc077d56960b,Žu•û,18,58250,0.045
202401,‹x“ú,bd1c4506-1261-4f4a-b646-dc077d56960b,Žu•û,19,55722,0.043
202401,‹x“ú,bd1c4506-1261-4f4a-b646-dc077d56960b,Žu•û,20,54218,0.042
202401,‹x“ú,bd1c4506-1261-4f4a-b646-dc077d56960b,Žu•û,21,53480,0.041
202401,‹x“ú,bd1c4506-1261-4f4a-b646-dc077d56960b,Žu•û,22,51972,0.04
202401,‹x“ú,bd1c4506-1261-4f4a-b646-dc077d56960b,Žu•û,23,50318,0.039
202402,‹x“ú,bd1c4506-1261-4f4a-b646-dc077d56960b,Žu•û,00,48930,0.037
202402,‹x“ú,bd1c4506-1261-4f4a-b646-dc077d56960b,Žu•û,01,48568,0.037
202402,‹x“ú,bd1c4506-1261-4f4a-b646-dc077d56960b,Žu•û,02,48442,0.037
202402,‹x“ú,bd1c4506-1261-4f4a-b646-dc077d56960b,Žu•û,03,48284,0.037
202402,‹x“ú,bd1c4506-1261-4f4a-b646-dc077d56960b,Žu•û,04,48504,0.037
202402,‹x“ú,bd1c4506-1261-4f4a-b646-dc077d56960b,Žu•û,05,49220,0.038
202402,‹x“ú,bd1c4506-1261-4f4a-b646-dc077d56960b,Žu•û,06,51461,0.039
202402,‹x“ú,bd1c4506-1261-4f4a-b646-dc077d56960b,Žu•û,07,54750,0.042
202402,‹x“ú,bd1c4506-1261-4f4a-b646-dc077d56960b,Žu•û,08,56772,0.043
202402,‹x“ú,bd1c4506-1261-4f4a-b646-dc077d56960b,Žu•û,09,58515,0.045
202402,‹x“ú,bd1c4506-1261-4f4a-b646-dc077d56960b,Žu•û,10,58728,0.045
202402,‹x“ú,bd1c4506-1261-4f4a-b646-dc077d56960b,Žu•û,11,58695,0.045
202402,‹x“ú,bd1c4506-1261-4f4a-b646-dc077d56960b,Žu•û,12,58381,0.045
202402,‹x“ú,bd1c4506-1261-4f4a-b646-dc077d56960b,Žu•û,13,58032,0.044
202402,‹x“ú,bd1c4506-1261-4f4a-b646-dc077d56960b,Žu•û,14,57947,0.044
202402,‹x“ú,bd1c4506-1261-4f4a-b646-dc077d56960b,Žu•û,15,58778,0.045
202402,‹x“ú,bd1c4506-1261-4f4a-b646-dc077d56960b,Žu•û,16,60405,0.046
202402,‹x“ú,bd1c4506-1261-4f4a-b646-dc077d56960b,Žu•û,17,60681,0.046
202402,‹x“ú,bd1c4506-1261-4f4a-b646-dc077d56960b,Žu•û,18,59127,0.045
202402,‹x“ú,bd1c4506-1261-4f4a-b646-dc077d56960b,Žu•û,19,56080,0.043
202402,‹x“ú,bd1c4506-1261-4f4a-b646-dc077d56960b,Žu•û,20,54019,0.041
202402,‹x“ú,bd1c4506-1261-4f4a-b646-dc077d56960b,Žu•û,21,53228,0.041
202402,‹x“ú,bd1c4506-1261-4f4a-b646-dc077d56960b,Žu•û,22,51745,0.04
202402,‹x“ú,bd1c4506-1261-4f4a-b646-dc077d56960b,Žu•û,23,50319,0.038
202403,‹x“ú,bd1c4506-1261-4f4a-b646-dc077d56960b,Žu•û,00,48419,0.037
202403,‹x“ú,bd1c4506-1261-4f4a-b646-dc077d56960b,Žu•û,01,48150,0.037
202403,‹x“ú,bd1c4506-1261-4f4a-b646-dc077d56960b,Žu•û,02,47897,0.037
202403,‹x“ú,bd1c4506-1261-4f4a-b646-dc077d56960b,Žu•û,03,47819,0.037
202403,‹x“ú,bd1c4506-1261-4f4a-b646-dc077d56960b,Žu•û,04,48088,0.037
202403,‹x“ú,bd1c4506-1261-4f4a-b646-dc077d56960b,Žu•û,05,48772,0.037
202403,‹x“ú,bd1c4506-1261-4f4a-b646-dc077d56960b,Žu•û,06,51058,0.039
202403,‹x“ú,bd1c4506-1261-4f4a-b646-dc077d56960b,Žu•û,07,55109,0.042
202403,‹x“ú,bd1c4506-1261-4f4a-b646-dc077d56960b,Žu•û,08,57590,0.044
202403,‹x“ú,bd1c4506-1261-4f4a-b646-dc077d56960b,Žu•û,09,58991,0.045
202403,‹x“ú,bd1c4506-1261-4f4a-b646-dc077d56960b,Žu•û,10,59650,0.046
202403,‹x“ú,bd1c4506-1261-4f4a-b646-dc077d56960b,Žu•û,11,58204,0.045
202403,‹x“ú,bd1c4506-1261-4f4a-b646-dc077d56960b,Žu•û,12,57597,0.044
202403,‹x“ú,bd1c4506-1261-4f4a-b646-dc077d56960b,Žu•û,13,57085,0.044
202403,‹x“ú,bd1c4506-1261-4f4a-b646-dc077d56960b,Žu•û,14,56977,0.044
202403,‹x“ú,bd1c4506-1261-4f4a-b646-dc077d56960b,Žu•û,15,58005,0.045
202403,‹x“ú,bd1c4506-1261-4f4a-b646-dc077d56960b,Žu•û,16,60039,0.046
202403,‹x“ú,bd1c4506-1261-4f4a-b646-dc077d56960b,Žu•û,17,60838,0.047
202403,‹x“ú,bd1c4506-1261-4f4a-b646-dc077d56960b,Žu•û,18,58819,0.045
202403,‹x“ú,bd1c4506-1261-4f4a-b646-dc077d56960b,Žu•û,19,55868,0.043
202403,‹x“ú,bd1c4506-1261-4f4a-b646-dc077d56960b,Žu•û,20,53857,0.041
202403,‹x“ú,bd1c4506-1261-4f4a-b646-dc077d56960b,Žu•û,21,52906,0.041
202403,‹x“ú,bd1c4506-1261-4f4a-b646-dc077d56960b,Žu•û,22,51225,0.039
202403,‹x“ú,bd1c4506-1261-4f4a-b646-dc077d56960b,Žu•û,23,49570,0.038
202404,‹x“ú,bd1c4506-1261-4f4a-b646-dc077d56960b,Žu•û,00,48227,0.037
202404,‹x“ú,bd1c4506-1261-4f4a-b646-dc077d56960b,Žu•û,01,47910,0.037
202404,‹x“ú,bd1c4506-1261-4f4a-b646-dc077d56960b,Žu•û,02,47684,0.037
202404,‹x“ú,bd1c4506-1261-4f4a-b646-dc077d56960b,Žu•û,03,47623,0.037
202404,‹x“ú,bd1c4506-1261-4f4a-b646-dc077d56960b,Žu•û,04,47809,0.037
202404,‹x“ú,bd1c4506-1261-4f4a-b646-dc077d56960b,Žu•û,05,48712,0.038
202404,‹x“ú,bd1c4506-1261-4f4a-b646-dc077d56960b,Žu•û,06,51132,0.04
202404,‹x“ú,bd1c4506-1261-4f4a-b646-dc077d56960b,Žu•û,07,54955,0.042
202404,‹x“ú,bd1c4506-1261-4f4a-b646-dc077d56960b,Žu•û,08,57558,0.044
202404,‹x“ú,bd1c4506-1261-4f4a-b646-dc077d56960b,Žu•û,09,58163,0.045
202404,‹x“ú,bd1c4506-1261-4f4a-b646-dc077d56960b,Žu•û,10,58610,0.045
202404,‹x“ú,bd1c4506-1261-4f4a-b646-dc077d56960b,Žu•û,11,57307,0.044
202404,‹x“ú,bd1c4506-1261-4f4a-b646-dc077d56960b,Žu•û,12,56501,0.044
202404,‹x“ú,bd1c4506-1261-4f4a-b646-dc077d56960b,Žu•û,13,56139,0.043
202404,‹x“ú,bd1c4506-1261-4f4a-b646-dc077d56960b,Žu•û,14,56263,0.043
202404,‹x“ú,bd1c4506-1261-4f4a-b646-dc077d56960b,Žu•û,15,57219,0.044
202404,‹x“ú,bd1c4506-1261-4f4a-b646-dc077d56960b,Žu•û,16,59230,0.046
202404,‹x“ú,bd1c4506-1261-4f4a-b646-dc077d56960b,Žu•û,17,60637,0.047
202404,‹x“ú,bd1c4506-1261-4f4a-b646-dc077d56960b,Žu•û,18,59158,0.046
202404,‹x“ú,bd1c4506-1261-4f4a-b646-dc077d56960b,Žu•û,19,55926,0.043
202404,‹x“ú,bd1c4506-1261-4f4a-b646-dc077d56960b,Žu•û,20,53775,0.042
202404,‹x“ú,bd1c4506-1261-4f4a-b646-dc077d56960b,Žu•û,21,52975,0.041
202404,‹x“ú,bd1c4506-1261-4f4a-b646-dc077d56960b,Žu•û,22,51054,0.039
202404,‹x“ú,bd1c4506-1261-4f4a-b646-dc077d56960b,Žu•û,23,49518,0.038
202405,‹x“ú,bd1c4506-1261-4f4a-b646-dc077d56960b,Žu•û,00,48177,0.037
202405,‹x“ú,bd1c4506-1261-4f4a-b646-dc077d56960b,Žu•û,01,47903,0.037
202405,‹x“ú,bd1c4506-1261-4f4a-b646-dc077d56960b,Žu•û,02,47612,0.037
202405,‹x“ú,bd1c4506-1261-4f4a-b646-dc077d56960b,Žu•û,03,47611,0.037
202405,‹x“ú,bd1c4506-1261-4f4a-b646-dc077d56960b,Žu•û,04,47788,0.037
202405,‹x“ú,bd1c4506-1261-4f4a-b646-dc077d56960b,Žu•û,05,48636,0.038
202405,‹x“ú,bd1c4506-1261-4f4a-b646-dc077d56960b,Žu•û,06,50957,0.039
202405,‹x“ú,bd1c4506-1261-4f4a-b646-dc077d56960b,Žu•û,07,54965,0.042
202405,‹x“ú,bd1c4506-1261-4f4a-b646-dc077d56960b,Žu•û,08,56975,0.044
202405,‹x“ú,bd1c4506-1261-4f4a-b646-dc077d56960b,Žu•û,09,58545,0.045
202405,‹x“ú,bd1c4506-1261-4f4a-b646-dc077d56960b,Žu•û,10,58716,0.045
202405,‹x“ú,bd1c4506-1261-4f4a-b646-dc077d56960b,Žu•û,11,57409,0.044
202405,‹x“ú,bd1c4506-1261-4f4a-b646-dc077d56960b,Žu•û,12,56724,0.044
202405,‹x“ú,bd1c4506-1261-4f4a-b646-dc077d56960b,Žu•û,13,56223,0.043
202405,‹x“ú,bd1c4506-1261-4f4a-b646-dc077d56960b,Žu•û,14,56229,0.043
202405,‹x“ú,bd1c4506-1261-4f4a-b646-dc077d56960b,Žu•û,15,57165,0.044
202405,‹x“ú,bd1c4506-1261-4f4a-b646-dc077d56960b,Žu•û,16,59342,0.046
202405,‹x“ú,bd1c4506-1261-4f4a-b646-dc077d56960b,Žu•û,17,59899,0.046
202405,‹x“ú,bd1c4506-1261-4f4a-b646-dc077d56960b,Žu•û,18,58521,0.045
202405,‹x“ú,bd1c4506-1261-4f4a-b646-dc077d56960b,Žu•û,19,56071,0.043
202405,‹x“ú,bd1c4506-1261-4f4a-b646-dc077d56960b,Žu•û,20,54050,0.042
202405,‹x“ú,bd1c4506-1261-4f4a-b646-dc077d56960b,Žu•û,21,52960,0.041
202405,‹x“ú,bd1c4506-1261-4f4a-b646-dc077d56960b,Žu•û,22,51200,0.04
202405,‹x“ú,bd1c4506-1261-4f4a-b646-dc077d56960b,Žu•û,23,49718,0.038
202406,‹x“ú,bd1c4506-1261-4f4a-b646-dc077d56960b,Žu•û,00,48074,0.037
202406,‹x“ú,bd1c4506-1261-4f4a-b646-dc077d56960b,Žu•û,01,47743,0.037
202406,‹x“ú,bd1c4506-1261-4f4a-b646-dc077d56960b,Žu•û,02,47588,0.037
202406,‹x“ú,bd1c4506-1261-4f4a-b646-dc077d56960b,Žu•û,03,47595,0.037
202406,‹x“ú,bd1c4506-1261-4f4a-b646-dc077d56960b,Žu•û,04,47747,0.037
202406,‹x“ú,bd1c4506-1261-4f4a-b646-dc077d56960b,Žu•û,05,48416,0.037
202406,‹x“ú,bd1c4506-1261-4f4a-b646-dc077d56960b,Žu•û,06,50722,0.039
202406,‹x“ú,bd1c4506-1261-4f4a-b646-dc077d56960b,Žu•û,07,54649,0.042
202406,‹x“ú,bd1c4506-1261-4f4a-b646-dc077d56960b,Žu•û,08,57139,0.044
202406,‹x“ú,bd1c4506-1261-4f4a-b646-dc077d56960b,Žu•û,09,58445,0.045
202406,‹x“ú,bd1c4506-1261-4f4a-b646-dc077d56960b,Žu•û,10,59247,0.046
202406,‹x“ú,bd1c4506-1261-4f4a-b646-dc077d56960b,Žu•û,11,58407,0.045
202406,‹x“ú,bd1c4506-1261-4f4a-b646-dc077d56960b,Žu•û,12,57447,0.044
202406,‹x“ú,bd1c4506-1261-4f4a-b646-dc077d56960b,Žu•û,13,57370,0.044
202406,‹x“ú,bd1c4506-1261-4f4a-b646-dc077d56960b,Žu•û,14,57350,0.044
202406,‹x“ú,bd1c4506-1261-4f4a-b646-dc077d56960b,Žu•û,15,58048,0.045
202406,‹x“ú,bd1c4506-1261-4f4a-b646-dc077d56960b,Žu•û,16,59110,0.046
202406,‹x“ú,bd1c4506-1261-4f4a-b646-dc077d56960b,Žu•û,17,59732,0.046
202406,‹x“ú,bd1c4506-1261-4f4a-b646-dc077d56960b,Žu•û,18,58381,0.045
202406,‹x“ú,bd1c4506-1261-4f4a-b646-dc077d56960b,Žu•û,19,55091,0.043
202406,‹x“ú,bd1c4506-1261-4f4a-b646-dc077d56960b,Žu•û,20,53732,0.041
202406,‹x“ú,bd1c4506-1261-4f4a-b646-dc077d56960b,Žu•û,21,53132,0.041
202406,‹x“ú,bd1c4506-1261-4f4a-b646-dc077d56960b,Žu•û,22,51166,0.039
202406,‹x“ú,bd1c4506-1261-4f4a-b646-dc077d56960b,Žu•û,23,49699,0.038
202407,‹x“ú,bd1c4506-1261-4f4a-b646-dc077d56960b,Žu•û,00,47766,0.037
202407,‹x“ú,bd1c4506-1261-4f4a-b646-dc077d56960b,Žu•û,01,47533,0.037
202407,‹x“ú,bd1c4506-1261-4f4a-b646-dc077d56960b,Žu•û,02,47284,0.037
202407,‹x“ú,bd1c4506-1261-4f4a-b646-dc077d56960b,Žu•û,03,47331,0.037
202407,‹x“ú,bd1c4506-1261-4f4a-b646-dc077d56960b,Žu•û,04,47599,0.037
202407,‹x“ú,bd1c4506-1261-4f4a-b646-dc077d56960b,Žu•û,05,48427,0.037
202407,‹x“ú,bd1c4506-1261-4f4a-b646-dc077d56960b,Žu•û,06,51152,0.04
202407,‹x“ú,bd1c4506-1261-4f4a-b646-dc077d56960b,Žu•û,07,54796,0.042
202407,‹x“ú,bd1c4506-1261-4f4a-b646-dc077d56960b,Žu•û,08,57515,0.045
202407,‹x“ú,bd1c4506-1261-4f4a-b646-dc077d56960b,Žu•û,09,58446,0.045
202407,‹x“ú,bd1c4506-1261-4f4a-b646-dc077d56960b,Žu•û,10,58411,0.045
202407,‹x“ú,bd1c4506-1261-4f4a-b646-dc077d56960b,Žu•û,11,58440,0.045
202407,‹x“ú,bd1c4506-1261-4f4a-b646-dc077d56960b,Žu•û,12,57692,0.045
202407,‹x“ú,bd1c4506-1261-4f4a-b646-dc077d56960b,Žu•û,13,57107,0.044
202407,‹x“ú,bd1c4506-1261-4f4a-b646-dc077d56960b,Žu•û,14,56681,0.044
202407,‹x“ú,bd1c4506-1261-4f4a-b646-dc077d56960b,Žu•û,15,57286,0.044
202407,‹x“ú,bd1c4506-1261-4f4a-b646-dc077d56960b,Žu•û,16,59043,0.046
202407,‹x“ú,bd1c4506-1261-4f4a-b646-dc077d56960b,Žu•û,17,58839,0.046
202407,‹x“ú,bd1c4506-1261-4f4a-b646-dc077d56960b,Žu•û,18,57667,0.045
202407,‹x“ú,bd1c4506-1261-4f4a-b646-dc077d56960b,Žu•û,19,55194,0.043
202407,‹x“ú,bd1c4506-1261-4f4a-b646-dc077d56960b,Žu•û,20,53404,0.041
202407,‹x“ú,bd1c4506-1261-4f4a-b646-dc077d56960b,Žu•û,21,52912,0.041
202407,‹x“ú,bd1c4506-1261-4f4a-b646-dc077d56960b,Žu•û,22,51574,0.04
202407,‹x“ú,bd1c4506-1261-4f4a-b646-dc077d56960b,Žu•û,23,49619,0.038
202408,‹x“ú,bd1c4506-1261-4f4a-b646-dc077d56960b,Žu•û,00,48601,0.037
202408,‹x“ú,bd1c4506-1261-4f4a-b646-dc077d56960b,Žu•û,01,48380,0.037
202408,‹x“ú,bd1c4506-1261-4f4a-b646-dc077d56960b,Žu•û,02,48248,0.037
202408,‹x“ú,bd1c4506-1261-4f4a-b646-dc077d56960b,Žu•û,03,48360,0.037
202408,‹x“ú,bd1c4506-1261-4f4a-b646-dc077d56960b,Žu•û,04,48659,0.037
202408,‹x“ú,bd1c4506-1261-4f4a-b646-dc077d56960b,Žu•û,05,49398,0.038
202408,‹x“ú,bd1c4506-1261-4f4a-b646-dc077d56960b,Žu•û,06,51737,0.04
202408,‹x“ú,bd1c4506-1261-4f4a-b646-dc077d56960b,Žu•û,07,55065,0.042
202408,‹x“ú,bd1c4506-1261-4f4a-b646-dc077d56960b,Žu•û,08,57236,0.044
202408,‹x“ú,bd1c4506-1261-4f4a-b646-dc077d56960b,Žu•û,09,57861,0.044
202408,‹x“ú,bd1c4506-1261-4f4a-b646-dc077d56960b,Žu•û,10,58989,0.045
202408,‹x“ú,bd1c4506-1261-4f4a-b646-dc077d56960b,Žu•û,11,57751,0.044
202408,‹x“ú,bd1c4506-1261-4f4a-b646-dc077d56960b,Žu•û,12,57313,0.044
202408,‹x“ú,bd1c4506-1261-4f4a-b646-dc077d56960b,Žu•û,13,57140,0.044
202408,‹x“ú,bd1c4506-1261-4f4a-b646-dc077d56960b,Žu•û,14,57063,0.044
202408,‹x“ú,bd1c4506-1261-4f4a-b646-dc077d56960b,Žu•û,15,58024,0.044
202408,‹x“ú,bd1c4506-1261-4f4a-b646-dc077d56960b,Žu•û,16,59156,0.045
202408,‹x“ú,bd1c4506-1261-4f4a-b646-dc077d56960b,Žu•û,17,59712,0.046
202408,‹x“ú,bd1c4506-1261-4f4a-b646-dc077d56960b,Žu•û,18,58864,0.045
202408,‹x“ú,bd1c4506-1261-4f4a-b646-dc077d56960b,Žu•û,19,55560,0.043
202408,‹x“ú,bd1c4506-1261-4f4a-b646-dc077d56960b,Žu•û,20,54461,0.042
202408,‹x“ú,bd1c4506-1261-4f4a-b646-dc077d56960b,Žu•û,21,54129,0.041
202408,‹x“ú,bd1c4506-1261-4f4a-b646-dc077d56960b,Žu•û,22,52450,0.04
202408,‹x“ú,bd1c4506-1261-4f4a-b646-dc077d56960b,Žu•û,23,50368,0.039
202409,‹x“ú,bd1c4506-1261-4f4a-b646-dc077d56960b,Žu•û,00,48347,0.037
202409,‹x“ú,bd1c4506-1261-4f4a-b646-dc077d56960b,Žu•û,01,48039,0.037
202409,‹x“ú,bd1c4506-1261-4f4a-b646-dc077d56960b,Žu•û,02,47834,0.037
202409,‹x“ú,bd1c4506-1261-4f4a-b646-dc077d56960b,Žu•û,03,47917,0.037
202409,‹x“ú,bd1c4506-1261-4f4a-b646-dc077d56960b,Žu•û,04,48153,0.037
202409,‹x“ú,bd1c4506-1261-4f4a-b646-dc077d56960b,Žu•û,05,48831,0.038
202409,‹x“ú,bd1c4506-1261-4f4a-b646-dc077d56960b,Žu•û,06,51504,0.04
202409,‹x“ú,bd1c4506-1261-4f4a-b646-dc077d56960b,Žu•û,07,54803,0.042
202409,‹x“ú,bd1c4506-1261-4f4a-b646-dc077d56960b,Žu•û,08,56773,0.044
202409,‹x“ú,bd1c4506-1261-4f4a-b646-dc077d56960b,Žu•û,09,58006,0.045
202409,‹x“ú,bd1c4506-1261-4f4a-b646-dc077d56960b,Žu•û,10,58396,0.045
202409,‹x“ú,bd1c4506-1261-4f4a-b646-dc077d56960b,Žu•û,11,57560,0.044
202409,‹x“ú,bd1c4506-1261-4f4a-b646-dc077d56960b,Žu•û,12,56848,0.044
202409,‹x“ú,bd1c4506-1261-4f4a-b646-dc077d56960b,Žu•û,13,56872,0.044
202409,‹x“ú,bd1c4506-1261-4f4a-b646-dc077d56960b,Žu•û,14,57013,0.044
202409,‹x“ú,bd1c4506-1261-4f4a-b646-dc077d56960b,Žu•û,15,58169,0.045
202409,‹x“ú,bd1c4506-1261-4f4a-b646-dc077d56960b,Žu•û,16,59927,0.046
202409,‹x“ú,bd1c4506-1261-4f4a-b646-dc077d56960b,Žu•û,17,60250,0.046
202409,‹x“ú,bd1c4506-1261-4f4a-b646-dc077d56960b,Žu•û,18,58909,0.045
202409,‹x“ú,bd1c4506-1261-4f4a-b646-dc077d56960b,Žu•û,19,55679,0.043
202409,‹x“ú,bd1c4506-1261-4f4a-b646-dc077d56960b,Žu•û,20,53859,0.041
202409,‹x“ú,bd1c4506-1261-4f4a-b646-dc077d56960b,Žu•û,21,53331,0.041
202409,‹x“ú,bd1c4506-1261-4f4a-b646-dc077d56960b,Žu•û,22,51766,0.04
202409,‹x“ú,bd1c4506-1261-4f4a-b646-dc077d56960b,Žu•û,23,50093,0.039
202410,‹x“ú,bd1c4506-1261-4f4a-b646-dc077d56960b,Žu•û,00,48090,0.037
202410,‹x“ú,bd1c4506-1261-4f4a-b646-dc077d56960b,Žu•û,01,47809,0.037
202410,‹x“ú,bd1c4506-1261-4f4a-b646-dc077d56960b,Žu•û,02,47648,0.037
202410,‹x“ú,bd1c4506-1261-4f4a-b646-dc077d56960b,Žu•û,03,47654,0.037
202410,‹x“ú,bd1c4506-1261-4f4a-b646-dc077d56960b,Žu•û,04,47904,0.037
202410,‹x“ú,bd1c4506-1261-4f4a-b646-dc077d56960b,Žu•û,05,48481,0.038
202410,‹x“ú,bd1c4506-1261-4f4a-b646-dc077d56960b,Žu•û,06,51388,0.04
202410,‹x“ú,bd1c4506-1261-4f4a-b646-dc077d56960b,Žu•û,07,54537,0.042
202410,‹x“ú,bd1c4506-1261-4f4a-b646-dc077d56960b,Žu•û,08,56884,0.044
202410,‹x“ú,bd1c4506-1261-4f4a-b646-dc077d56960b,Žu•û,09,57231,0.045
202410,‹x“ú,bd1c4506-1261-4f4a-b646-dc077d56960b,Žu•û,10,57117,0.045
202410,‹x“ú,bd1c4506-1261-4f4a-b646-dc077d56960b,Žu•û,11,56140,0.044
202410,‹x“ú,bd1c4506-1261-4f4a-b646-dc077d56960b,Žu•û,12,55562,0.043
202410,‹x“ú,bd1c4506-1261-4f4a-b646-dc077d56960b,Žu•û,13,55687,0.043
202410,‹x“ú,bd1c4506-1261-4f4a-b646-dc077d56960b,Žu•û,14,55740,0.043
202410,‹x“ú,bd1c4506-1261-4f4a-b646-dc077d56960b,Žu•û,15,56678,0.044
202410,‹x“ú,bd1c4506-1261-4f4a-b646-dc077d56960b,Žu•û,16,58848,0.046
202410,‹x“ú,bd1c4506-1261-4f4a-b646-dc077d56960b,Žu•û,17,59394,0.046
202410,‹x“ú,bd1c4506-1261-4f4a-b646-dc077d56960b,Žu•û,18,57863,0.045
202410,‹x“ú,bd1c4506-1261-4f4a-b646-dc077d56960b,Žu•û,19,54614,0.043
202410,‹x“ú,bd1c4506-1261-4f4a-b646-dc077d56960b,Žu•û,20,53963,0.042
202410,‹x“ú,bd1c4506-1261-4f4a-b646-dc077d56960b,Žu•û,21,52855,0.041
202410,‹x“ú,bd1c4506-1261-4f4a-b646-dc077d56960b,Žu•û,22,51331,0.04
202410,‹x“ú,bd1c4506-1261-4f4a-b646-dc077d56960b,Žu•û,23,50029,0.039
202411,‹x“ú,bd1c4506-1261-4f4a-b646-dc077d56960b,Žu•û,00,48114,0.037
202411,‹x“ú,bd1c4506-1261-4f4a-b646-dc077d56960b,Žu•û,01,47833,0.037
202411,‹x“ú,bd1c4506-1261-4f4a-b646-dc077d56960b,Žu•û,02,47893,0.037
202411,‹x“ú,bd1c4506-1261-4f4a-b646-dc077d56960b,Žu•û,03,47868,0.037
202411,‹x“ú,bd1c4506-1261-4f4a-b646-dc077d56960b,Žu•û,04,47970,0.037
202411,‹x“ú,bd1c4506-1261-4f4a-b646-dc077d56960b,Žu•û,05,48712,0.038
202411,‹x“ú,bd1c4506-1261-4f4a-b646-dc077d56960b,Žu•û,06,51242,0.04
202411,‹x“ú,bd1c4506-1261-4f4a-b646-dc077d56960b,Žu•û,07,54976,0.043
202411,‹x“ú,bd1c4506-1261-4f4a-b646-dc077d56960b,Žu•û,08,57393,0.044
202411,‹x“ú,bd1c4506-1261-4f4a-b646-dc077d56960b,Žu•û,09,57675,0.045
202411,‹x“ú,bd1c4506-1261-4f4a-b646-dc077d56960b,Žu•û,10,57551,0.045
202411,‹x“ú,bd1c4506-1261-4f4a-b646-dc077d56960b,Žu•û,11,57379,0.044
202411,‹x“ú,bd1c4506-1261-4f4a-b646-dc077d56960b,Žu•û,12,56383,0.044
202411,‹x“ú,bd1c4506-1261-4f4a-b646-dc077d56960b,Žu•û,13,56126,0.043
202411,‹x“ú,bd1c4506-1261-4f4a-b646-dc077d56960b,Žu•û,14,56467,0.044
202411,‹x“ú,bd1c4506-1261-4f4a-b646-dc077d56960b,Žu•û,15,57825,0.045
202411,‹x“ú,bd1c4506-1261-4f4a-b646-dc077d56960b,Žu•û,16,59257,0.046
202411,‹x“ú,bd1c4506-1261-4f4a-b646-dc077d56960b,Žu•û,17,59833,0.046
202411,‹x“ú,bd1c4506-1261-4f4a-b646-dc077d56960b,Žu•û,18,58580,0.045
202411,‹x“ú,bd1c4506-1261-4f4a-b646-dc077d56960b,Žu•û,19,55365,0.043
202411,‹x“ú,bd1c4506-1261-4f4a-b646-dc077d56960b,Žu•û,20,53878,0.042
202411,‹x“ú,bd1c4506-1261-4f4a-b646-dc077d56960b,Žu•û,21,53043,0.041
202411,‹x“ú,bd1c4506-1261-4f4a-b646-dc077d56960b,Žu•û,22,51189,0.04
202411,‹x“ú,bd1c4506-1261-4f4a-b646-dc077d56960b,Žu•û,23,49896,0.039
202412,‹x“ú,bd1c4506-1261-4f4a-b646-dc077d56960b,Žu•û,00,48830,0.038
202412,‹x“ú,bd1c4506-1261-4f4a-b646-dc077d56960b,Žu•û,01,48799,0.038
202412,‹x“ú,bd1c4506-1261-4f4a-b646-dc077d56960b,Žu•û,02,48625,0.037
202412,‹x“ú,bd1c4506-1261-4f4a-b646-dc077d56960b,Žu•û,03,48513,0.037
202412,‹x“ú,bd1c4506-1261-4f4a-b646-dc077d56960b,Žu•û,04,48697,0.037
202412,‹x“ú,bd1c4506-1261-4f4a-b646-dc077d56960b,Žu•û,05,49299,0.038
202412,‹x“ú,bd1c4506-1261-4f4a-b646-dc077d56960b,Žu•û,06,51234,0.039
202412,‹x“ú,bd1c4506-1261-4f4a-b646-dc077d56960b,Žu•û,07,54158,0.042
202412,‹x“ú,bd1c4506-1261-4f4a-b646-dc077d56960b,Žu•û,08,56906,0.044
202412,‹x“ú,bd1c4506-1261-4f4a-b646-dc077d56960b,Žu•û,09,57715,0.044
202412,‹x“ú,bd1c4506-1261-4f4a-b646-dc077d56960b,Žu•û,10,58391,0.045
202412,‹x“ú,bd1c4506-1261-4f4a-b646-dc077d56960b,Žu•û,11,57944,0.045
202412,‹x“ú,bd1c4506-1261-4f4a-b646-dc077d56960b,Žu•û,12,57030,0.044
202412,‹x“ú,bd1c4506-1261-4f4a-b646-dc077d56960b,Žu•û,13,56881,0.044
202412,‹x“ú,bd1c4506-1261-4f4a-b646-dc077d56960b,Žu•û,14,56781,0.044
202412,‹x“ú,bd1c4506-1261-4f4a-b646-dc077d56960b,Žu•û,15,57643,0.044
202412,‹x“ú,bd1c4506-1261-4f4a-b646-dc077d56960b,Žu•û,16,59225,0.046
202412,‹x“ú,bd1c4506-1261-4f4a-b646-dc077d56960b,Žu•û,17,59646,0.046
202412,‹x“ú,bd1c4506-1261-4f4a-b646-dc077d56960b,Žu•û,18,57895,0.044
202412,‹x“ú,bd1c4506-1261-4f4a-b646-dc077d56960b,Žu•û,19,55139,0.042
202412,‹x“ú,bd1c4506-1261-4f4a-b646-dc077d56960b,Žu•û,20,54255,0.042
202412,‹x“ú,bd1c4506-1261-4f4a-b646-dc077d56960b,Žu•û,21,54024,0.042
202412,‹x“ú,bd1c4506-1261-4f4a-b646-dc077d56960b,Žu•û,22,52402,0.04
202412,‹x“ú,bd1c4506-1261-4f4a-b646-dc077d56960b,Žu•û,23,51094,0.039
202401,•½“ú,bd1c4506-1261-4f4a-b646-dc077d56960b,Žu•û,00,47587,0.039
202401,•½“ú,bd1c4506-1261-4f4a-b646-dc077d56960b,Žu•û,01,47343,0.038
202401,•½“ú,bd1c4506-1261-4f4a-b646-dc077d56960b,Žu•û,02,47281,0.038
202401,•½“ú,bd1c4506-1261-4f4a-b646-dc077d56960b,Žu•û,03,47306,0.038
202401,•½“ú,bd1c4506-1261-4f4a-b646-dc077d56960b,Žu•û,04,47737,0.039
202401,•½“ú,bd1c4506-1261-4f4a-b646-dc077d56960b,Žu•û,05,49097,0.04
202401,•½“ú,bd1c4506-1261-4f4a-b646-dc077d56960b,Žu•û,06,54076,0.044
202401,•½“ú,bd1c4506-1261-4f4a-b646-dc077d56960b,Žu•û,07,59100,0.048
202401,•½“ú,bd1c4506-1261-4f4a-b646-dc077d56960b,Žu•û,08,55051,0.045
202401,•½“ú,bd1c4506-1261-4f4a-b646-dc077d56960b,Žu•û,09,51220,0.042
202401,•½“ú,bd1c4506-1261-4f4a-b646-dc077d56960b,Žu•û,10,50640,0.041
202401,•½“ú,bd1c4506-1261-4f4a-b646-dc077d56960b,Žu•û,11,50381,0.041
202401,•½“ú,bd1c4506-1261-4f4a-b646-dc077d56960b,Žu•û,12,49428,0.04
202401,•½“ú,bd1c4506-1261-4f4a-b646-dc077d56960b,Žu•û,13,49205,0.04
202401,•½“ú,bd1c4506-1261-4f4a-b646-dc077d56960b,Žu•û,14,49615,0.04
202401,•½“ú,bd1c4506-1261-4f4a-b646-dc077d56960b,Žu•û,15,50473,0.041
202401,•½“ú,bd1c4506-1261-4f4a-b646-dc077d56960b,Žu•û,16,52519,0.043
202401,•½“ú,bd1c4506-1261-4f4a-b646-dc077d56960b,Žu•û,17,56520,0.046
202401,•½“ú,bd1c4506-1261-4f4a-b646-dc077d56960b,Žu•û,18,58672,0.048
202401,•½“ú,bd1c4506-1261-4f4a-b646-dc077d56960b,Žu•û,19,55890,0.045
202401,•½“ú,bd1c4506-1261-4f4a-b646-dc077d56960b,Žu•û,20,53270,0.043
202401,•½“ú,bd1c4506-1261-4f4a-b646-dc077d56960b,Žu•û,21,51929,0.042
202401,•½“ú,bd1c4506-1261-4f4a-b646-dc077d56960b,Žu•û,22,50371,0.041
202401,•½“ú,bd1c4506-1261-4f4a-b646-dc077d56960b,Žu•û,23,48773,0.04
202402,•½“ú,bd1c4506-1261-4f4a-b646-dc077d56960b,Žu•û,00,47123,0.039
202402,•½“ú,bd1c4506-1261-4f4a-b646-dc077d56960b,Žu•û,01,46981,0.038
202402,•½“ú,bd1c4506-1261-4f4a-b646-dc077d56960b,Žu•û,02,46945,0.038
202402,•½“ú,bd1c4506-1261-4f4a-b646-dc077d56960b,Žu•û,03,46961,0.038
202402,•½“ú,bd1c4506-1261-4f4a-b646-dc077d56960b,Žu•û,04,47471,0.039
202402,•½“ú,bd1c4506-1261-4f4a-b646-dc077d56960b,Žu•û,05,48896,0.04
202402,•½“ú,bd1c4506-1261-4f4a-b646-dc077d56960b,Žu•û,06,54208,0.044
202402,•½“ú,bd1c4506-1261-4f4a-b646-dc077d56960b,Žu•û,07,59865,0.049
202402,•½“ú,bd1c4506-1261-4f4a-b646-dc077d56960b,Žu•û,08,55200,0.045
202402,•½“ú,bd1c4506-1261-4f4a-b646-dc077d56960b,Žu•û,09,50889,0.042
202402,•½“ú,bd1c4506-1261-4f4a-b646-dc077d56960b,Žu•û,10,49730,0.041
202402,•½“ú,bd1c4506-1261-4f4a-b646-dc077d56960b,Žu•û,11,49132,0.04
202402,•½“ú,bd1c4506-1261-4f4a-b646-dc077d56960b,Žu•û,12,48952,0.04
202402,•½“ú,bd1c4506-1261-4f4a-b646-dc077d56960b,Žu•û,13,48621,0.04
202402,•½“ú,bd1c4506-1261-4f4a-b646-dc077d56960b,Žu•û,14,48841,0.04
202402,•½“ú,bd1c4506-1261-4f4a-b646-dc077d56960b,Žu•û,15,49560,0.041
202402,•½“ú,bd1c4506-1261-4f4a-b646-dc077d56960b,Žu•û,16,51447,0.042
202402,•½“ú,bd1c4506-1261-4f4a-b646-dc077d56960b,Žu•û,17,55697,0.046
202402,•½“ú,bd1c4506-1261-4f4a-b646-dc077d56960b,Žu•û,18,58376,0.048
202402,•½“ú,bd1c4506-1261-4f4a-b646-dc077d56960b,Žu•û,19,55692,0.046
202402,•½“ú,bd1c4506-1261-4f4a-b646-dc077d56960b,Žu•û,20,53007,0.043
202402,•½“ú,bd1c4506-1261-4f4a-b646-dc077d56960b,Žu•û,21,51433,0.042
202402,•½“ú,bd1c4506-1261-4f4a-b646-dc077d56960b,Žu•û,22,50025,0.041
202402,•½“ú,bd1c4506-1261-4f4a-b646-dc077d56960b,Žu•û,23,48395,0.04
202403,•½“ú,bd1c4506-1261-4f4a-b646-dc077d56960b,Žu•û,00,46752,0.039
202403,•½“ú,bd1c4506-1261-4f4a-b646-dc077d56960b,Žu•û,01,46523,0.038
202403,•½“ú,bd1c4506-1261-4f4a-b646-dc077d56960b,Žu•û,02,46560,0.038
202403,•½“ú,bd1c4506-1261-4f4a-b646-dc077d56960b,Žu•û,03,46684,0.038
202403,•½“ú,bd1c4506-1261-4f4a-b646-dc077d56960b,Žu•û,04,47033,0.039
202403,•½“ú,bd1c4506-1261-4f4a-b646-dc077d56960b,Žu•û,05,48600,0.04
202403,•½“ú,bd1c4506-1261-4f4a-b646-dc077d56960b,Žu•û,06,53952,0.044
202403,•½“ú,bd1c4506-1261-4f4a-b646-dc077d56960b,Žu•û,07,59518,0.049
202403,•½“ú,bd1c4506-1261-4f4a-b646-dc077d56960b,Žu•û,08,54684,0.045
202403,•½“ú,bd1c4506-1261-4f4a-b646-dc077d56960b,Žu•û,09,50435,0.042
202403,•½“ú,bd1c4506-1261-4f4a-b646-dc077d56960b,Žu•û,10,49363,0.041
202403,•½“ú,bd1c4506-1261-4f4a-b646-dc077d56960b,Žu•û,11,48897,0.04
202403,•½“ú,bd1c4506-1261-4f4a-b646-dc077d56960b,Žu•û,12,48368,0.04
202403,•½“ú,bd1c4506-1261-4f4a-b646-dc077d56960b,Žu•û,13,48080,0.04
202403,•½“ú,bd1c4506-1261-4f4a-b646-dc077d56960b,Žu•û,14,48508,0.04
202403,•½“ú,bd1c4506-1261-4f4a-b646-dc077d56960b,Žu•û,15,49167,0.04
202403,•½“ú,bd1c4506-1261-4f4a-b646-dc077d56960b,Žu•û,16,51095,0.042
202403,•½“ú,bd1c4506-1261-4f4a-b646-dc077d56960b,Žu•û,17,55449,0.046
202403,•½“ú,bd1c4506-1261-4f4a-b646-dc077d56960b,Žu•û,18,57476,0.047
202403,•½“ú,bd1c4506-1261-4f4a-b646-dc077d56960b,Žu•û,19,55389,0.046
202403,•½“ú,bd1c4506-1261-4f4a-b646-dc077d56960b,Žu•û,20,52631,0.043
202403,•½“ú,bd1c4506-1261-4f4a-b646-dc077d56960b,Žu•û,21,51262,0.042
202403,•½“ú,bd1c4506-1261-4f4a-b646-dc077d56960b,Žu•û,22,49546,0.041
202403,•½“ú,bd1c4506-1261-4f4a-b646-dc077d56960b,Žu•û,23,48034,0.04
202404,•½“ú,bd1c4506-1261-4f4a-b646-dc077d56960b,Žu•û,00,46158,0.039
202404,•½“ú,bd1c4506-1261-4f4a-b646-dc077d56960b,Žu•û,01,45974,0.038
202404,•½“ú,bd1c4506-1261-4f4a-b646-dc077d56960b,Žu•û,02,45988,0.038
202404,•½“ú,bd1c4506-1261-4f4a-b646-dc077d56960b,Žu•û,03,46149,0.039
202404,•½“ú,bd1c4506-1261-4f4a-b646-dc077d56960b,Žu•û,04,46514,0.039
202404,•½“ú,bd1c4506-1261-4f4a-b646-dc077d56960b,Žu•û,05,48370,0.04
202404,•½“ú,bd1c4506-1261-4f4a-b646-dc077d56960b,Žu•û,06,53615,0.045
202404,•½“ú,bd1c4506-1261-4f4a-b646-dc077d56960b,Žu•û,07,59937,0.05
202404,•½“ú,bd1c4506-1261-4f4a-b646-dc077d56960b,Žu•û,08,54076,0.045
202404,•½“ú,bd1c4506-1261-4f4a-b646-dc077d56960b,Žu•û,09,49293,0.041
202404,•½“ú,bd1c4506-1261-4f4a-b646-dc077d56960b,Žu•û,10,48195,0.04
202404,•½“ú,bd1c4506-1261-4f4a-b646-dc077d56960b,Žu•û,11,47334,0.04
202404,•½“ú,bd1c4506-1261-4f4a-b646-dc077d56960b,Žu•û,12,46899,0.039
202404,•½“ú,bd1c4506-1261-4f4a-b646-dc077d56960b,Žu•û,13,46475,0.039
202404,•½“ú,bd1c4506-1261-4f4a-b646-dc077d56960b,Žu•û,14,47026,0.039
202404,•½“ú,bd1c4506-1261-4f4a-b646-dc077d56960b,Žu•û,15,48036,0.04
202404,•½“ú,bd1c4506-1261-4f4a-b646-dc077d56960b,Žu•û,16,50018,0.042
202404,•½“ú,bd1c4506-1261-4f4a-b646-dc077d56960b,Žu•û,17,54054,0.045
202404,•½“ú,bd1c4506-1261-4f4a-b646-dc077d56960b,Žu•û,18,57198,0.048
202404,•½“ú,bd1c4506-1261-4f4a-b646-dc077d56960b,Žu•û,19,54857,0.046
202404,•½“ú,bd1c4506-1261-4f4a-b646-dc077d56960b,Žu•û,20,51767,0.043
202404,•½“ú,bd1c4506-1261-4f4a-b646-dc077d56960b,Žu•û,21,50608,0.042
202404,•½“ú,bd1c4506-1261-4f4a-b646-dc077d56960b,Žu•û,22,48995,0.041
202404,•½“ú,bd1c4506-1261-4f4a-b646-dc077d56960b,Žu•û,23,47540,0.04
202405,•½“ú,bd1c4506-1261-4f4a-b646-dc077d56960b,Žu•û,00,46240,0.039
202405,•½“ú,bd1c4506-1261-4f4a-b646-dc077d56960b,Žu•û,01,46140,0.039
202405,•½“ú,bd1c4506-1261-4f4a-b646-dc077d56960b,Žu•û,02,46050,0.038
202405,•½“ú,bd1c4506-1261-4f4a-b646-dc077d56960b,Žu•û,03,46218,0.039
202405,•½“ú,bd1c4506-1261-4f4a-b646-dc077d56960b,Žu•û,04,46499,0.039
202405,•½“ú,bd1c4506-1261-4f4a-b646-dc077d56960b,Žu•û,05,48220,0.04
202405,•½“ú,bd1c4506-1261-4f4a-b646-dc077d56960b,Žu•û,06,53637,0.045
202405,•½“ú,bd1c4506-1261-4f4a-b646-dc077d56960b,Žu•û,07,59497,0.05
202405,•½“ú,bd1c4506-1261-4f4a-b646-dc077d56960b,Žu•û,08,54259,0.045
202405,•½“ú,bd1c4506-1261-4f4a-b646-dc077d56960b,Žu•û,09,49745,0.042
202405,•½“ú,bd1c4506-1261-4f4a-b646-dc077d56960b,Žu•û,10,48248,0.04
202405,•½“ú,bd1c4506-1261-4f4a-b646-dc077d56960b,Žu•û,11,47607,0.04
202405,•½“ú,bd1c4506-1261-4f4a-b646-dc077d56960b,Žu•û,12,47237,0.039
202405,•½“ú,bd1c4506-1261-4f4a-b646-dc077d56960b,Žu•û,13,46989,0.039
202405,•½“ú,bd1c4506-1261-4f4a-b646-dc077d56960b,Žu•û,14,47115,0.039
202405,•½“ú,bd1c4506-1261-4f4a-b646-dc077d56960b,Žu•û,15,48140,0.04
202405,•½“ú,bd1c4506-1261-4f4a-b646-dc077d56960b,Žu•û,16,49943,0.042
202405,•½“ú,bd1c4506-1261-4f4a-b646-dc077d56960b,Žu•û,17,54269,0.045
202405,•½“ú,bd1c4506-1261-4f4a-b646-dc077d56960b,Žu•û,18,57287,0.048
202405,•½“ú,bd1c4506-1261-4f4a-b646-dc077d56960b,Žu•û,19,54807,0.046
202405,•½“ú,bd1c4506-1261-4f4a-b646-dc077d56960b,Žu•û,20,52027,0.043
202405,•½“ú,bd1c4506-1261-4f4a-b646-dc077d56960b,Žu•û,21,50514,0.042
202405,•½“ú,bd1c4506-1261-4f4a-b646-dc077d56960b,Žu•û,22,49020,0.041
202405,•½“ú,bd1c4506-1261-4f4a-b646-dc077d56960b,Žu•û,23,47502,0.04
202406,•½“ú,bd1c4506-1261-4f4a-b646-dc077d56960b,Žu•û,00,46750,0.039
202406,•½“ú,bd1c4506-1261-4f4a-b646-dc077d56960b,Žu•û,01,46576,0.038
202406,•½“ú,bd1c4506-1261-4f4a-b646-dc077d56960b,Žu•û,02,46414,0.038
202406,•½“ú,bd1c4506-1261-4f4a-b646-dc077d56960b,Žu•û,03,46641,0.039
202406,•½“ú,bd1c4506-1261-4f4a-b646-dc077d56960b,Žu•û,04,47073,0.039
202406,•½“ú,bd1c4506-1261-4f4a-b646-dc077d56960b,Žu•û,05,48733,0.04
202406,•½“ú,bd1c4506-1261-4f4a-b646-dc077d56960b,Žu•û,06,54169,0.045
202406,•½“ú,bd1c4506-1261-4f4a-b646-dc077d56960b,Žu•û,07,59948,0.05
202406,•½“ú,bd1c4506-1261-4f4a-b646-dc077d56960b,Žu•û,08,55300,0.046
202406,•½“ú,bd1c4506-1261-4f4a-b646-dc077d56960b,Žu•û,09,50729,0.042
202406,•½“ú,bd1c4506-1261-4f4a-b646-dc077d56960b,Žu•û,10,49119,0.041
202406,•½“ú,bd1c4506-1261-4f4a-b646-dc077d56960b,Žu•û,11,48119,0.04
202406,•½“ú,bd1c4506-1261-4f4a-b646-dc077d56960b,Žu•û,12,47625,0.039
202406,•½“ú,bd1c4506-1261-4f4a-b646-dc077d56960b,Žu•û,13,47433,0.039
202406,•½“ú,bd1c4506-1261-4f4a-b646-dc077d56960b,Žu•û,14,47806,0.039
202406,•½“ú,bd1c4506-1261-4f4a-b646-dc077d56960b,Žu•û,15,48756,0.04
202406,•½“ú,bd1c4506-1261-4f4a-b646-dc077d56960b,Žu•û,16,50497,0.042
202406,•½“ú,bd1c4506-1261-4f4a-b646-dc077d56960b,Žu•û,17,54901,0.045
202406,•½“ú,bd1c4506-1261-4f4a-b646-dc077d56960b,Žu•û,18,57601,0.048
202406,•½“ú,bd1c4506-1261-4f4a-b646-dc077d56960b,Žu•û,19,54911,0.045
202406,•½“ú,bd1c4506-1261-4f4a-b646-dc077d56960b,Žu•û,20,52604,0.043
202406,•½“ú,bd1c4506-1261-4f4a-b646-dc077d56960b,Žu•û,21,51145,0.042
202406,•½“ú,bd1c4506-1261-4f4a-b646-dc077d56960b,Žu•û,22,49751,0.041
202406,•½“ú,bd1c4506-1261-4f4a-b646-dc077d56960b,Žu•û,23,48169,0.04
202407,•½“ú,bd1c4506-1261-4f4a-b646-dc077d56960b,Žu•û,00,46163,0.038
202407,•½“ú,bd1c4506-1261-4f4a-b646-dc077d56960b,Žu•û,01,46039,0.038
202407,•½“ú,bd1c4506-1261-4f4a-b646-dc077d56960b,Žu•û,02,45914,0.038
202407,•½“ú,bd1c4506-1261-4f4a-b646-dc077d56960b,Žu•û,03,46092,0.038
202407,•½“ú,bd1c4506-1261-4f4a-b646-dc077d56960b,Žu•û,04,46511,0.039
202407,•½“ú,bd1c4506-1261-4f4a-b646-dc077d56960b,Žu•û,05,48209,0.04
202407,•½“ú,bd1c4506-1261-4f4a-b646-dc077d56960b,Žu•û,06,53557,0.045
202407,•½“ú,bd1c4506-1261-4f4a-b646-dc077d56960b,Žu•û,07,59171,0.049
202407,•½“ú,bd1c4506-1261-4f4a-b646-dc077d56960b,Žu•û,08,54702,0.045
202407,•½“ú,bd1c4506-1261-4f4a-b646-dc077d56960b,Žu•û,09,50052,0.042
202407,•½“ú,bd1c4506-1261-4f4a-b646-dc077d56960b,Žu•û,10,48834,0.041
202407,•½“ú,bd1c4506-1261-4f4a-b646-dc077d56960b,Žu•û,11,48306,0.04
202407,•½“ú,bd1c4506-1261-4f4a-b646-dc077d56960b,Žu•û,12,48030,0.04
202407,•½“ú,bd1c4506-1261-4f4a-b646-dc077d56960b,Žu•û,13,47364,0.039
202407,•½“ú,bd1c4506-1261-4f4a-b646-dc077d56960b,Žu•û,14,47427,0.039
202407,•½“ú,bd1c4506-1261-4f4a-b646-dc077d56960b,Žu•û,15,48569,0.04
202407,•½“ú,bd1c4506-1261-4f4a-b646-dc077d56960b,Žu•û,16,50127,0.042
202407,•½“ú,bd1c4506-1261-4f4a-b646-dc077d56960b,Žu•û,17,54801,0.046
202407,•½“ú,bd1c4506-1261-4f4a-b646-dc077d56960b,Žu•û,18,57793,0.048
202407,•½“ú,bd1c4506-1261-4f4a-b646-dc077d56960b,Žu•û,19,55019,0.046
202407,•½“ú,bd1c4506-1261-4f4a-b646-dc077d56960b,Žu•û,20,52073,0.043
202407,•½“ú,bd1c4506-1261-4f4a-b646-dc077d56960b,Žu•û,21,50862,0.042
202407,•½“ú,bd1c4506-1261-4f4a-b646-dc077d56960b,Žu•û,22,49261,0.041
202407,•½“ú,bd1c4506-1261-4f4a-b646-dc077d56960b,Žu•û,23,47721,0.04
202408,•½“ú,bd1c4506-1261-4f4a-b646-dc077d56960b,Žu•û,00,47083,0.038
202408,•½“ú,bd1c4506-1261-4f4a-b646-dc077d56960b,Žu•û,01,46820,0.038
202408,•½“ú,bd1c4506-1261-4f4a-b646-dc077d56960b,Žu•û,02,46754,0.038
202408,•½“ú,bd1c4506-1261-4f4a-b646-dc077d56960b,Žu•û,03,46950,0.038
202408,•½“ú,bd1c4506-1261-4f4a-b646-dc077d56960b,Žu•û,04,47348,0.039
202408,•½“ú,bd1c4506-1261-4f4a-b646-dc077d56960b,Žu•û,05,48891,0.04
202408,•½“ú,bd1c4506-1261-4f4a-b646-dc077d56960b,Žu•û,06,53582,0.044
202408,•½“ú,bd1c4506-1261-4f4a-b646-dc077d56960b,Žu•û,07,57987,0.047
202408,•½“ú,bd1c4506-1261-4f4a-b646-dc077d56960b,Žu•û,08,55306,0.045
202408,•½“ú,bd1c4506-1261-4f4a-b646-dc077d56960b,Žu•û,09,51613,0.042
202408,•½“ú,bd1c4506-1261-4f4a-b646-dc077d56960b,Žu•û,10,51233,0.042
202408,•½“ú,bd1c4506-1261-4f4a-b646-dc077d56960b,Žu•û,11,50434,0.041
202408,•½“ú,bd1c4506-1261-4f4a-b646-dc077d56960b,Žu•û,12,49757,0.04
202408,•½“ú,bd1c4506-1261-4f4a-b646-dc077d56960b,Žu•û,13,49348,0.04
202408,•½“ú,bd1c4506-1261-4f4a-b646-dc077d56960b,Žu•û,14,49723,0.04
202408,•½“ú,bd1c4506-1261-4f4a-b646-dc077d56960b,Žu•û,15,50721,0.041
202408,•½“ú,bd1c4506-1261-4f4a-b646-dc077d56960b,Žu•û,16,52623,0.043
202408,•½“ú,bd1c4506-1261-4f4a-b646-dc077d56960b,Žu•û,17,56450,0.046
202408,•½“ú,bd1c4506-1261-4f4a-b646-dc077d56960b,Žu•û,18,58348,0.047
202408,•½“ú,bd1c4506-1261-4f4a-b646-dc077d56960b,Žu•û,19,55624,0.045
202408,•½“ú,bd1c4506-1261-4f4a-b646-dc077d56960b,Žu•û,20,52875,0.043
202408,•½“ú,bd1c4506-1261-4f4a-b646-dc077d56960b,Žu•û,21,51355,0.042
202408,•½“ú,bd1c4506-1261-4f4a-b646-dc077d56960b,Žu•û,22,49836,0.041
202408,•½“ú,bd1c4506-1261-4f4a-b646-dc077d56960b,Žu•û,23,48259,0.039
202409,•½“ú,bd1c4506-1261-4f4a-b646-dc077d56960b,Žu•û,00,46719,0.039
202409,•½“ú,bd1c4506-1261-4f4a-b646-dc077d56960b,Žu•û,01,46585,0.039
202409,•½“ú,bd1c4506-1261-4f4a-b646-dc077d56960b,Žu•û,02,46579,0.039
202409,•½“ú,bd1c4506-1261-4f4a-b646-dc077d56960b,Žu•û,03,46767,0.039
202409,•½“ú,bd1c4506-1261-4f4a-b646-dc077d56960b,Žu•û,04,47149,0.039
202409,•½“ú,bd1c4506-1261-4f4a-b646-dc077d56960b,Žu•û,05,48724,0.04
202409,•½“ú,bd1c4506-1261-4f4a-b646-dc077d56960b,Žu•û,06,54096,0.045
202409,•½“ú,bd1c4506-1261-4f4a-b646-dc077d56960b,Žu•û,07,59777,0.049
202409,•½“ú,bd1c4506-1261-4f4a-b646-dc077d56960b,Žu•û,08,54916,0.045
202409,•½“ú,bd1c4506-1261-4f4a-b646-dc077d56960b,Žu•û,09,50045,0.041
202409,•½“ú,bd1c4506-1261-4f4a-b646-dc077d56960b,Žu•û,10,48762,0.04
202409,•½“ú,bd1c4506-1261-4f4a-b646-dc077d56960b,Žu•û,11,47931,0.04
202409,•½“ú,bd1c4506-1261-4f4a-b646-dc077d56960b,Žu•û,12,47284,0.039
202409,•½“ú,bd1c4506-1261-4f4a-b646-dc077d56960b,Žu•û,13,46967,0.039
202409,•½“ú,bd1c4506-1261-4f4a-b646-dc077d56960b,Žu•û,14,47514,0.039
202409,•½“ú,bd1c4506-1261-4f4a-b646-dc077d56960b,Žu•û,15,48534,0.04
202409,•½“ú,bd1c4506-1261-4f4a-b646-dc077d56960b,Žu•û,16,50751,0.042
202409,•½“ú,bd1c4506-1261-4f4a-b646-dc077d56960b,Žu•û,17,54874,0.045
202409,•½“ú,bd1c4506-1261-4f4a-b646-dc077d56960b,Žu•û,18,57791,0.048
202409,•½“ú,bd1c4506-1261-4f4a-b646-dc077d56960b,Žu•û,19,55301,0.046
202409,•½“ú,bd1c4506-1261-4f4a-b646-dc077d56960b,Žu•û,20,52517,0.043
202409,•½“ú,bd1c4506-1261-4f4a-b646-dc077d56960b,Žu•û,21,51278,0.042
202409,•½“ú,bd1c4506-1261-4f4a-b646-dc077d56960b,Žu•û,22,49611,0.041
202409,•½“ú,bd1c4506-1261-4f4a-b646-dc077d56960b,Žu•û,23,48235,0.04
202410,•½“ú,bd1c4506-1261-4f4a-b646-dc077d56960b,Žu•û,00,46906,0.039
202410,•½“ú,bd1c4506-1261-4f4a-b646-dc077d56960b,Žu•û,01,46775,0.039
202410,•½“ú,bd1c4506-1261-4f4a-b646-dc077d56960b,Žu•û,02,46799,0.039
202410,•½“ú,bd1c4506-1261-4f4a-b646-dc077d56960b,Žu•û,03,46858,0.039
202410,•½“ú,bd1c4506-1261-4f4a-b646-dc077d56960b,Žu•û,04,47405,0.039
202410,•½“ú,bd1c4506-1261-4f4a-b646-dc077d56960b,Žu•û,05,49047,0.041
202410,•½“ú,bd1c4506-1261-4f4a-b646-dc077d56960b,Žu•û,06,54173,0.045
202410,•½“ú,bd1c4506-1261-4f4a-b646-dc077d56960b,Žu•û,07,59768,0.049
202410,•½“ú,bd1c4506-1261-4f4a-b646-dc077d56960b,Žu•û,08,54690,0.045
202410,•½“ú,bd1c4506-1261-4f4a-b646-dc077d56960b,Žu•û,09,49849,0.041
202410,•½“ú,bd1c4506-1261-4f4a-b646-dc077d56960b,Žu•û,10,48405,0.04
202410,•½“ú,bd1c4506-1261-4f4a-b646-dc077d56960b,Žu•û,11,47840,0.04
202410,•½“ú,bd1c4506-1261-4f4a-b646-dc077d56960b,Žu•û,12,47748,0.039
202410,•½“ú,bd1c4506-1261-4f4a-b646-dc077d56960b,Žu•û,13,47229,0.039
202410,•½“ú,bd1c4506-1261-4f4a-b646-dc077d56960b,Žu•û,14,47493,0.039
202410,•½“ú,bd1c4506-1261-4f4a-b646-dc077d56960b,Žu•û,15,48756,0.04
202410,•½“ú,bd1c4506-1261-4f4a-b646-dc077d56960b,Žu•û,16,50646,0.042
202410,•½“ú,bd1c4506-1261-4f4a-b646-dc077d56960b,Žu•û,17,54682,0.045
202410,•½“ú,bd1c4506-1261-4f4a-b646-dc077d56960b,Žu•û,18,58064,0.048
202410,•½“ú,bd1c4506-1261-4f4a-b646-dc077d56960b,Žu•û,19,55317,0.046
202410,•½“ú,bd1c4506-1261-4f4a-b646-dc077d56960b,Žu•û,20,52625,0.043
202410,•½“ú,bd1c4506-1261-4f4a-b646-dc077d56960b,Žu•û,21,51342,0.042
202410,•½“ú,bd1c4506-1261-4f4a-b646-dc077d56960b,Žu•û,22,49868,0.041
202410,•½“ú,bd1c4506-1261-4f4a-b646-dc077d56960b,Žu•û,23,48493,0.04
202411,•½“ú,bd1c4506-1261-4f4a-b646-dc077d56960b,Žu•û,00,46823,0.039
202411,•½“ú,bd1c4506-1261-4f4a-b646-dc077d56960b,Žu•û,01,46740,0.039
202411,•½“ú,bd1c4506-1261-4f4a-b646-dc077d56960b,Žu•û,02,46763,0.039
202411,•½“ú,bd1c4506-1261-4f4a-b646-dc077d56960b,Žu•û,03,46886,0.039
202411,•½“ú,bd1c4506-1261-4f4a-b646-dc077d56960b,Žu•û,04,47343,0.039
202411,•½“ú,bd1c4506-1261-4f4a-b646-dc077d56960b,Žu•û,05,48849,0.041
202411,•½“ú,bd1c4506-1261-4f4a-b646-dc077d56960b,Žu•û,06,53854,0.045
202411,•½“ú,bd1c4506-1261-4f4a-b646-dc077d56960b,Žu•û,07,59298,0.049
202411,•½“ú,bd1c4506-1261-4f4a-b646-dc077d56960b,Žu•û,08,54648,0.045
202411,•½“ú,bd1c4506-1261-4f4a-b646-dc077d56960b,Žu•û,09,49896,0.041
202411,•½“ú,bd1c4506-1261-4f4a-b646-dc077d56960b,Žu•û,10,48442,0.04
202411,•½“ú,bd1c4506-1261-4f4a-b646-dc077d56960b,Žu•û,11,47679,0.04
202411,•½“ú,bd1c4506-1261-4f4a-b646-dc077d56960b,Žu•û,12,47134,0.039
202411,•½“ú,bd1c4506-1261-4f4a-b646-dc077d56960b,Žu•û,13,46752,0.039
202411,•½“ú,bd1c4506-1261-4f4a-b646-dc077d56960b,Žu•û,14,47141,0.039
202411,•½“ú,bd1c4506-1261-4f4a-b646-dc077d56960b,Žu•û,15,48527,0.04
202411,•½“ú,bd1c4506-1261-4f4a-b646-dc077d56960b,Žu•û,16,50613,0.042
202411,•½“ú,bd1c4506-1261-4f4a-b646-dc077d56960b,Žu•û,17,54829,0.045
202411,•½“ú,bd1c4506-1261-4f4a-b646-dc077d56960b,Žu•û,18,56999,0.047
202411,•½“ú,bd1c4506-1261-4f4a-b646-dc077d56960b,Žu•û,19,55464,0.046
202411,•½“ú,bd1c4506-1261-4f4a-b646-dc077d56960b,Žu•û,20,52329,0.043
202411,•½“ú,bd1c4506-1261-4f4a-b646-dc077d56960b,Žu•û,21,51117,0.042
202411,•½“ú,bd1c4506-1261-4f4a-b646-dc077d56960b,Žu•û,22,49672,0.041
202411,•½“ú,bd1c4506-1261-4f4a-b646-dc077d56960b,Žu•û,23,48319,0.04
202412,•½“ú,bd1c4506-1261-4f4a-b646-dc077d56960b,Žu•û,00,47393,0.039
202412,•½“ú,bd1c4506-1261-4f4a-b646-dc077d56960b,Žu•û,01,47369,0.039
202412,•½“ú,bd1c4506-1261-4f4a-b646-dc077d56960b,Žu•û,02,47331,0.039
202412,•½“ú,bd1c4506-1261-4f4a-b646-dc077d56960b,Žu•û,03,47350,0.039
202412,•½“ú,bd1c4506-1261-4f4a-b646-dc077d56960b,Žu•û,04,47772,0.039
202412,•½“ú,bd1c4506-1261-4f4a-b646-dc077d56960b,Žu•û,05,49107,0.04
202412,•½“ú,bd1c4506-1261-4f4a-b646-dc077d56960b,Žu•û,06,53739,0.044
202412,•½“ú,bd1c4506-1261-4f4a-b646-dc077d56960b,Žu•û,07,58561,0.048
202412,•½“ú,bd1c4506-1261-4f4a-b646-dc077d56960b,Žu•û,08,54683,0.045
202412,•½“ú,bd1c4506-1261-4f4a-b646-dc077d56960b,Žu•û,09,50815,0.042
202412,•½“ú,bd1c4506-1261-4f4a-b646-dc077d56960b,Žu•û,10,49805,0.041
202412,•½“ú,bd1c4506-1261-4f4a-b646-dc077d56960b,Žu•û,11,49042,0.04
202412,•½“ú,bd1c4506-1261-4f4a-b646-dc077d56960b,Žu•û,12,48890,0.04
202412,•½“ú,bd1c4506-1261-4f4a-b646-dc077d56960b,Žu•û,13,48510,0.04
202412,•½“ú,bd1c4506-1261-4f4a-b646-dc077d56960b,Žu•û,14,48804,0.04
202412,•½“ú,bd1c4506-1261-4f4a-b646-dc077d56960b,Žu•û,15,49909,0.041
202412,•½“ú,bd1c4506-1261-4f4a-b646-dc077d56960b,Žu•û,16,51794,0.042
202412,•½“ú,bd1c4506-1261-4f4a-b646-dc077d56960b,Žu•û,17,54897,0.045
202412,•½“ú,bd1c4506-1261-4f4a-b646-dc077d56960b,Žu•û,18,57261,0.047
202412,•½“ú,bd1c4506-1261-4f4a-b646-dc077d56960b,Žu•û,19,55002,0.045
202412,•½“ú,bd1c4506-1261-4f4a-b646-dc077d56960b,Žu•û,20,52631,0.043
202412,•½“ú,bd1c4506-1261-4f4a-b646-dc077d56960b,Žu•û,21,51661,0.042
202412,•½“ú,bd1c4506-1261-4f4a-b646-dc077d56960b,Žu•û,22,50379,0.041
202412,•½“ú,bd1c4506-1261-4f4a-b646-dc077d56960b,Žu•û,23,49133,0.04
